"Meter ID","date","total daily KW"
1000,"2009-07-14",11.203000000000001
1000,"2009-07-15",8.402999999999999
1000,"2009-07-16",7.224999999999999
1000,"2009-07-17",11.338
1000,"2009-07-18",11.305999999999994
1000,"2009-07-19",2.874000000000001
1000,"2009-07-20",11.6
1000,"2009-07-21",4.6099999999999985
1000,"2009-07-22",12.435999999999996
1000,"2009-07-23",4.943
1000,"2009-07-24",3.6750000000000003
1000,"2009-07-25",11.193000000000003
1000,"2009-07-26",17.749000000000002
1000,"2009-07-27",11.075999999999997
1000,"2009-07-28",10.524999999999997
1000,"2009-07-29",9.924999999999997
1000,"2009-07-30",9.935
1000,"2009-07-31",17.529000000000003
1000,"2009-08-01",9.044999999999998
1000,"2009-08-02",2.4060000000000006
1000,"2009-08-03",5.740000000000001
1000,"2009-08-04",12.187
1000,"2009-08-05",7.627000000000001
1000,"2009-08-06",10.797999999999996
1000,"2009-08-07",10.823000000000002
1000,"2009-08-08",9.021999999999998
1000,"2009-08-09",10.226
1000,"2009-08-10",4.945
1000,"2009-08-11",13.178000000000003
1000,"2009-08-12",5.3709999999999996
1000,"2009-08-13",8.751000000000001
1000,"2009-08-14",15.567999999999998
1000,"2009-08-15",3.9719999999999995
1000,"2009-08-16",4.966
1000,"2009-08-17",15.520000000000003
1000,"2009-08-18",9.0
1000,"2009-08-19",5.773000000000001
1000,"2009-08-20",12.49
1000,"2009-08-21",7.595000000000003
1000,"2009-08-22",23.034
1000,"2009-08-23",4.954
1000,"2009-08-24",11.975
1000,"2009-08-25",15.126999999999997
1000,"2009-08-26",8.077
1000,"2009-08-27",9.757000000000001
1000,"2009-08-28",11.440999999999997
1000,"2009-08-29",15.150999999999998
1000,"2009-08-30",6.574
1000,"2009-08-31",4.981999999999999
1000,"2009-09-01",8.331999999999999
1000,"2009-09-02",2.7070000000000003
1000,"2009-09-03",2.2930000000000006
1000,"2009-09-04",2.136
1000,"2009-09-05",2.2100000000000004
1000,"2009-09-06",2.2920000000000007
1000,"2009-09-07",2.2840000000000003
1000,"2009-09-08",2.294
1000,"2009-09-09",2.3650000000000007
1000,"2009-09-10",14.115999999999998
1000,"2009-09-11",6.667999999999999
1000,"2009-09-12",8.931000000000003
1000,"2009-09-13",16.768999999999995
1000,"2009-09-14",10.945999999999998
1000,"2009-09-15",12.23
1000,"2009-09-16",3.4719999999999995
1000,"2009-09-17",14.029000000000003
1000,"2009-09-18",7.614999999999998
1000,"2009-09-19",13.635999999999996
1000,"2009-09-20",3.4749999999999996
1000,"2009-09-21",23.565999999999995
1000,"2009-09-22",16.958000000000002
1000,"2009-09-23",4.441
1000,"2009-09-24",2.255000000000001
1000,"2009-09-25",7.83
1000,"2009-09-26",17.578000000000003
1000,"2009-09-27",19.839000000000002
1000,"2009-09-28",14.556000000000003
1000,"2009-09-29",15.703999999999997
1000,"2009-09-30",13.878000000000002
1000,"2009-10-01",8.588999999999999
1000,"2009-10-02",20.345
1000,"2009-10-03",7.533000000000001
1000,"2009-10-04",13.517000000000005
1000,"2009-10-05",12.293
1000,"2009-10-06",8.015999999999998
1000,"2009-10-07",7.287999999999999
1000,"2009-10-08",10.369
1000,"2009-10-09",9.632
1000,"2009-10-10",20.212999999999997
1000,"2009-10-11",8.654
1000,"2009-10-12",12.972000000000001
1000,"2009-10-13",6.7749999999999995
1000,"2009-10-14",10.648999999999997
1000,"2009-10-15",10.129
1000,"2009-10-16",9.738999999999999
1000,"2009-10-17",15.48
1000,"2009-10-18",11.216000000000001
1000,"2009-10-19",10.898999999999996
1000,"2009-10-20",11.641000000000002
1000,"2009-10-21",9.257999999999997
1000,"2009-10-22",7.7780000000000005
1000,"2009-10-23",6.995000000000001
1000,"2009-10-24",9.555000000000001
1000,"2009-10-25",18.743000000000002
1000,"2009-10-26",9.878
1000,"2009-10-27",13.430000000000001
1000,"2009-10-28",10.935999999999998
1000,"2009-10-29",12.574000000000002
1000,"2009-10-30",8.207
1000,"2009-10-31",18.130000000000003
1000,"2009-11-01",13.297000000000002
1000,"2009-11-02",10.822000000000001
1000,"2009-11-03",9.540000000000001
1000,"2009-11-04",8.562999999999999
1000,"2009-11-05",15.07
1000,"2009-11-06",13.295999999999998
1000,"2009-11-07",16.150000000000002
1000,"2009-11-08",16.803999999999995
1000,"2009-11-09",8.84
1000,"2009-11-10",10.631
1000,"2009-11-11",10.199
1000,"2009-11-12",10.020000000000001
1000,"2009-11-13",4.558000000000001
1000,"2009-11-14",2.011
1000,"2009-11-15",6.218000000000002
1000,"2009-11-16",15.981999999999996
1000,"2009-11-17",8.362
1000,"2009-11-18",8.247
1000,"2009-11-19",12.128
1000,"2009-11-20",4.254
1000,"2009-11-21",16.433
1000,"2009-11-22",6.707999999999999
1000,"2009-11-23",7.686999999999999
1000,"2009-11-24",11.433999999999994
1000,"2009-11-25",11.281999999999996
1000,"2009-11-26",4.821999999999999
1000,"2009-11-27",8.591000000000001
1000,"2009-11-28",13.200999999999997
1000,"2009-11-29",10.704999999999998
1000,"2009-11-30",9.261999999999999
1000,"2009-12-01",12.029
1000,"2009-12-02",21.079999999999995
1000,"2009-12-03",16.868999999999996
1000,"2009-12-04",17.274000000000004
1000,"2009-12-05",13.109000000000002
1000,"2009-12-06",16.511
1000,"2009-12-07",17.447999999999997
1000,"2009-12-08",23.644
1000,"2009-12-09",16.955
1000,"2009-12-10",14.338000000000005
1000,"2009-12-11",14.435000000000004
1000,"2009-12-12",19.471
1000,"2009-12-13",16.543000000000003
1000,"2009-12-14",4.360999999999997
1000,"2009-12-15",12.303999999999998
1000,"2009-12-16",8.924000000000001
1000,"2009-12-17",8.819999999999997
1000,"2009-12-18",13.314000000000002
1000,"2009-12-19",9.23
1000,"2009-12-20",17.424000000000003
1000,"2009-12-21",11.915999999999999
1000,"2009-12-22",15.144
1000,"2009-12-23",16.688999999999997
1000,"2009-12-24",16.743000000000002
1000,"2009-12-25",34.964
1000,"2009-12-26",10.380999999999998
1000,"2009-12-27",18.591000000000005
1000,"2009-12-28",18.071999999999996
1000,"2009-12-29",14.543999999999999
1000,"2009-12-30",17.923
1000,"2009-12-31",19.386
1000,"2010-01-01",17.159
1000,"2010-01-02",21.802000000000007
1000,"2010-01-03",23.623
1000,"2010-01-04",15.710999999999995
1000,"2010-01-05",14.619000000000003
1000,"2010-01-06",14.811999999999998
1000,"2010-01-07",19.139
1000,"2010-01-08",17.71
1000,"2010-01-09",25.764999999999997
1000,"2010-01-10",21.330000000000002
1000,"2010-01-11",19.270000000000003
1000,"2010-01-12",15.563
1000,"2010-01-13",18.085000000000004
1000,"2010-01-14",14.749
1000,"2010-01-15",17.329
1000,"2010-01-16",21.409999999999997
1000,"2010-01-17",9.611999999999998
1000,"2010-01-18",16.529000000000003
1000,"2010-01-19",12.839000000000004
1000,"2010-01-20",15.769
1000,"2010-01-21",13.388000000000002
1000,"2010-01-22",20.027000000000008
1000,"2010-01-23",26.476000000000003
1000,"2010-01-24",6.477
1000,"2010-01-25",4.930999999999998
1000,"2010-01-26",9.018999999999998
1000,"2010-01-27",7.063999999999999
1000,"2010-01-28",7.532
1000,"2010-01-29",14.699000000000002
1000,"2010-01-30",15.926
1000,"2010-01-31",7.972999999999997
1000,"2010-02-01",16.266
1000,"2010-02-02",16.834999999999997
1000,"2010-02-03",5.890999999999998
1000,"2010-02-04",8.672999999999998
1000,"2010-02-05",13.065000000000001
1000,"2010-02-06",3.54
1000,"2010-02-07",3.5980000000000003
1000,"2010-02-08",10.432
1000,"2010-02-09",15.732000000000003
1000,"2010-02-10",22.599
1000,"2010-02-11",9.115999999999998
1000,"2010-02-12",9.598
1000,"2010-02-13",14.878000000000002
1000,"2010-02-14",6.104
1000,"2010-02-15",10.203999999999999
1000,"2010-02-16",16.939999999999998
1000,"2010-02-17",14.229999999999999
1000,"2010-02-18",8.036999999999999
1000,"2010-02-19",10.285000000000002
1000,"2010-02-20",10.298000000000005
1000,"2010-02-21",8.809000000000001
1000,"2010-02-22",8.635
1000,"2010-02-23",14.04
1000,"2010-02-24",11.714999999999998
1000,"2010-02-25",7.634999999999997
1000,"2010-02-26",9.931999999999999
1000,"2010-02-27",17.469
1000,"2010-02-28",8.597999999999999
1000,"2010-03-01",8.928999999999997
1000,"2010-03-02",7.804999999999997
1000,"2010-03-03",11.850000000000001
1000,"2010-03-04",9.576
1000,"2010-03-05",4.995999999999999
1000,"2010-03-06",2.7829999999999986
1000,"2010-03-07",4.726999999999999
1000,"2010-03-08",9.183
1000,"2010-03-09",8.795
1000,"2010-03-10",7.239000000000002
1000,"2010-03-11",3.23
1000,"2010-03-12",4.492999999999999
1000,"2010-03-13",6.366999999999998
1000,"2010-03-14",10.696000000000002
1000,"2010-03-15",8.711
1000,"2010-03-16",14.456000000000005
1000,"2010-03-17",19.541
1000,"2010-03-18",7.709999999999999
1000,"2010-03-19",15.275999999999998
1000,"2010-03-20",8.457999999999998
1000,"2010-03-21",21.241
1000,"2010-03-22",14.821999999999997
1000,"2010-03-23",9.613999999999999
1000,"2010-03-24",6.243999999999999
1000,"2010-03-25",10.011999999999997
1000,"2010-03-26",6.889000000000001
1000,"2010-03-27",8.841999999999999
1000,"2010-03-28",16.170999999999992
1000,"2010-03-29",9.096999999999998
1000,"2010-03-30",13.127999999999997
1000,"2010-03-31",6.246999999999999
1000,"2010-04-01",9.518
1000,"2010-04-02",3.492999999999999
1000,"2010-04-03",14.995
1000,"2010-04-04",14.413999999999998
1000,"2010-04-05",7.796999999999999
1000,"2010-04-06",4.6469999999999985
1000,"2010-04-07",12.454
1000,"2010-04-08",9.329
1000,"2010-04-09",3.497999999999999
1000,"2010-04-10",3.0200000000000005
1000,"2010-04-11",8.133000000000003
1000,"2010-04-12",19.827999999999996
1000,"2010-04-13",7.170000000000001
1000,"2010-04-14",5.215
1000,"2010-04-15",6.852000000000004
1000,"2010-04-16",11.106
1000,"2010-04-17",7.26
1000,"2010-04-18",9.713999999999999
1000,"2010-04-19",6.529999999999998
1000,"2010-04-20",6.442999999999999
1000,"2010-04-21",7.7
1000,"2010-04-22",4.224999999999999
1000,"2010-04-23",8.887
1000,"2010-04-24",12.475
1000,"2010-04-25",8.863999999999999
1000,"2010-04-26",7.182
1000,"2010-04-27",9.074
1000,"2010-04-28",13.775
1000,"2010-04-29",4.482999999999999
1000,"2010-04-30",4.256
1000,"2010-05-01",7.967
1000,"2010-05-02",4.184
1000,"2010-05-03",3.520000000000002
1000,"2010-05-04",8.815000000000001
1000,"2010-05-05",3.2449999999999997
1000,"2010-05-06",6.376
1000,"2010-05-07",6.403999999999999
1000,"2010-05-08",5.720999999999997
1000,"2010-05-09",12.278000000000002
1000,"2010-05-10",5.955000000000001
1000,"2010-05-11",7.632000000000001
1000,"2010-05-12",16.936000000000003
1000,"2010-05-13",4.352999999999998
1000,"2010-05-14",6.114999999999999
1000,"2010-05-15",6.762999999999999
1000,"2010-05-16",11.094000000000001
1000,"2010-05-17",4.603999999999998
1000,"2010-05-18",9.575000000000003
1000,"2010-05-19",6.933999999999999
1000,"2010-05-20",8.191999999999995
1000,"2010-05-21",8.456999999999999
1000,"2010-05-22",3.9160000000000004
1000,"2010-05-23",12.090000000000002
1000,"2010-05-24",10.596
1000,"2010-05-25",7.835999999999997
1000,"2010-05-26",12.976999999999999
1000,"2010-05-27",7.127000000000001
1000,"2010-05-28",6.405999999999999
1000,"2010-05-29",6.258000000000001
1000,"2010-05-30",8.265
1000,"2010-05-31",6.450999999999999
1000,"2010-06-01",8.411999999999999
1000,"2010-06-02",7.311000000000001
1000,"2010-06-03",7.690000000000001
1000,"2010-06-04",8.456999999999999
1000,"2010-06-05",6.713000000000001
1000,"2010-06-06",8.205
1000,"2010-06-07",5.102
1000,"2010-06-08",6.137999999999999
1000,"2010-06-09",17.36
1000,"2010-06-10",5.092
1000,"2010-06-11",7.080999999999999
1000,"2010-06-12",5.097999999999999
1000,"2010-06-13",11.638
1000,"2010-06-14",6.277000000000001
1000,"2010-06-15",14.057000000000002
1000,"2010-06-16",6.892999999999998
1000,"2010-06-17",5.569999999999999
1000,"2010-06-18",5.637999999999997
1000,"2010-06-19",3.631
1000,"2010-06-20",8.290000000000003
1000,"2010-06-21",5.106
1000,"2010-06-22",7.216000000000001
1000,"2010-06-23",7.245000000000003
1000,"2010-06-24",7.6819999999999995
1000,"2010-06-25",7.906000000000001
1000,"2010-06-26",9.533000000000003
1000,"2010-06-27",5.2299999999999995
1000,"2010-06-28",7.437999999999999
1000,"2010-06-29",6.122000000000002
1000,"2010-06-30",10.2
1000,"2010-07-01",8.312000000000005
1000,"2010-07-02",4.979999999999998
1000,"2010-07-03",14.629000000000001
1000,"2010-07-04",6.4510000000000005
1000,"2010-07-05",6.183999999999999
1000,"2010-07-06",6.107999999999998
1000,"2010-07-07",5.985999999999999
1000,"2010-07-08",5.470999999999999
1000,"2010-07-09",5.99
1000,"2010-07-10",21.361000000000004
1000,"2010-07-11",6.459000000000001
1000,"2010-07-12",7.366
1000,"2010-07-13",6.115000000000002
1000,"2010-07-14",10.821
1000,"2010-07-15",5.914999999999999
1000,"2010-07-16",10.209000000000001
1000,"2010-07-17",7.693999999999998
1000,"2010-07-18",2.5229999999999992
1000,"2010-07-19",2.5290000000000004
1000,"2010-07-20",7.054
1000,"2010-07-21",9.049999999999999
1000,"2010-07-22",4.943999999999999
1000,"2010-07-23",7.07
1000,"2010-07-24",15.438000000000002
1000,"2010-07-25",8.330999999999998
1000,"2010-07-26",8.052000000000001
1000,"2010-07-27",4.389000000000001
1000,"2010-07-28",8.405999999999999
1000,"2010-07-29",3.960000000000001
1000,"2010-07-30",5.646999999999998
1000,"2010-07-31",8.169
1000,"2010-08-01",9.244999999999996
1000,"2010-08-02",7.507
1000,"2010-08-03",8.268
1000,"2010-08-04",9.397000000000002
1000,"2010-08-05",6.449999999999999
1000,"2010-08-06",4.187000000000001
1000,"2010-08-07",6.551000000000002
1000,"2010-08-08",12.789000000000001
1000,"2010-08-09",7.791999999999999
1000,"2010-08-10",4.915000000000001
1000,"2010-08-11",12.767
1000,"2010-08-12",4.287000000000002
1000,"2010-08-13",8.954000000000002
1000,"2010-08-14",4.904999999999999
1000,"2010-08-15",7.709999999999998
1000,"2010-08-16",7.083999999999998
1000,"2010-08-17",6.046999999999999
1000,"2010-08-18",7.281999999999999
1000,"2010-08-19",8.366
1000,"2010-08-20",14.452999999999996
1000,"2010-08-21",10.943000000000001
1000,"2010-08-22",11.142
1000,"2010-08-23",4.959999999999998
1000,"2010-08-24",10.006999999999994
1000,"2010-08-25",5.156999999999999
1000,"2010-08-26",8.923
1000,"2010-08-27",5.693999999999997
1000,"2010-08-28",8.69
1000,"2010-08-29",8.069999999999997
1000,"2010-08-30",8.4
1000,"2010-08-31",6.971999999999999
1000,"2010-09-01",8.859000000000002
1000,"2010-09-02",5.932999999999998
1000,"2010-09-03",7.1160000000000005
1000,"2010-09-04",12.045
1000,"2010-09-05",11.585
1000,"2010-09-06",7.254000000000001
1000,"2010-09-07",7.392000000000002
1000,"2010-09-08",10.891
1000,"2010-09-09",9.527000000000001
1000,"2010-09-10",6.9529999999999985
1000,"2010-09-11",5.938999999999994
1000,"2010-09-12",2.3680000000000008
1000,"2010-09-13",2.2920000000000003
1000,"2010-09-14",2.2670000000000003
1000,"2010-09-15",2.2569999999999997
1000,"2010-09-16",2.0680000000000005
1000,"2010-09-17",2.0810000000000004
1000,"2010-09-18",2.0
1000,"2010-09-19",2.2880000000000007
1000,"2010-09-20",5.856999999999999
1000,"2010-09-21",11.971
1000,"2010-09-22",9.964
1000,"2010-09-23",17.477
1000,"2010-09-24",9.873000000000001
1000,"2010-09-25",18.229000000000003
1000,"2010-09-26",19.212
1000,"2010-09-27",15.733
1000,"2010-09-28",15.819999999999999
1000,"2010-09-29",10.565999999999999
1000,"2010-09-30",10.112
1000,"2010-10-01",9.525000000000002
1000,"2010-10-02",9.828999999999999
1000,"2010-10-03",16.671999999999997
1000,"2010-10-04",11.975999999999999
1000,"2010-10-05",9.120999999999999
1000,"2010-10-06",14.533999999999997
1000,"2010-10-07",5.966
1000,"2010-10-08",13.581999999999999
1000,"2010-10-09",11.781999999999995
1000,"2010-10-10",4.575999999999998
1000,"2010-10-11",8.293999999999999
1000,"2010-10-12",9.945
1000,"2010-10-13",5.938999999999998
1000,"2010-10-14",10.606000000000002
1000,"2010-10-15",10.76
1000,"2010-10-16",8.389000000000001
1000,"2010-10-17",8.755
1000,"2010-10-18",12.405000000000003
1000,"2010-10-19",9.528999999999998
1000,"2010-10-20",19.284
1000,"2010-10-21",10.452
1000,"2010-10-22",7.781999999999998
1000,"2010-10-23",4.772
1000,"2010-10-24",7.534000000000002
1000,"2010-10-25",5.108999999999999
1000,"2010-10-26",11.420000000000003
1000,"2010-10-27",15.693999999999997
1000,"2010-10-28",10.719999999999999
1000,"2010-10-29",5.859
1000,"2010-10-30",7.485000000000001
1000,"2010-10-31",6.516999999999999
1000,"2010-11-01",18.11200000000001
1000,"2010-11-02",9.36
1000,"2010-11-03",11.315000000000001
1000,"2010-11-04",12.716000000000001
1000,"2010-11-05",10.681
1000,"2010-11-06",18.271
1000,"2010-11-07",13.514
1000,"2010-11-08",11.325000000000001
1000,"2010-11-09",11.427000000000003
1000,"2010-11-10",11.43
1000,"2010-11-11",11.042999999999997
1000,"2010-11-12",7.232
1000,"2010-11-13",17.028
1000,"2010-11-14",7.447999999999999
1000,"2010-11-15",11.154999999999998
1000,"2010-11-16",13.1
1000,"2010-11-17",10.801999999999998
1000,"2010-11-18",10.178999999999998
1000,"2010-11-19",11.263999999999996
1000,"2010-11-20",21.785000000000007
1000,"2010-11-21",18.290999999999997
1000,"2010-11-22",9.397999999999998
1000,"2010-11-23",13.983000000000004
1000,"2010-11-24",11.887
1000,"2010-11-25",9.858999999999998
1000,"2010-11-26",5.141999999999997
1000,"2010-11-27",13.385000000000007
1000,"2010-11-28",14.076000000000002
1000,"2010-11-29",8.797999999999998
1000,"2010-11-30",16.013
1000,"2010-12-01",13.908
1000,"2010-12-02",9.822999999999999
1000,"2010-12-03",16.022000000000002
1000,"2010-12-04",3.0930000000000004
1000,"2010-12-05",14.379000000000001
1000,"2010-12-06",14.294
1000,"2010-12-07",10.554999999999998
1000,"2010-12-08",18.864
1000,"2010-12-09",9.896000000000003
1000,"2010-12-10",11.407
1000,"2010-12-11",9.084000000000001
1000,"2010-12-12",13.314999999999998
1000,"2010-12-13",12.498
1000,"2010-12-14",11.867999999999999
1000,"2010-12-15",15.966
1000,"2010-12-16",12.130999999999998
1000,"2010-12-17",10.381999999999998
1000,"2010-12-18",14.698
1000,"2010-12-19",21.189
1000,"2010-12-20",13.725999999999999
1000,"2010-12-21",13.459999999999997
1000,"2010-12-22",14.09
1000,"2010-12-23",14.029999999999998
1000,"2010-12-24",8.945
1000,"2010-12-25",2.9419999999999993
1000,"2010-12-26",8.828000000000003
1000,"2010-12-27",17.380999999999997
1000,"2010-12-28",9.543000000000001
1000,"2010-12-29",8.796
1000,"2010-12-30",10.027
1000,"2010-12-31",27.907000000000004
1001,"2009-07-14",6.743999999999999
1001,"2009-07-15",6.949
1001,"2009-07-16",7.255000000000001
1001,"2009-07-17",7.19
1001,"2009-07-18",6.8050000000000015
1001,"2009-07-19",6.992999999999999
1001,"2009-07-20",12.793000000000006
1001,"2009-07-21",5.774999999999999
1001,"2009-07-22",5.7700000000000005
1001,"2009-07-23",6.301000000000001
1001,"2009-07-24",6.036999999999999
1001,"2009-07-25",7.135
1001,"2009-07-26",5.616000000000001
1001,"2009-07-27",6.464999999999996
1001,"2009-07-28",6.153
1001,"2009-07-29",6.082
1001,"2009-07-30",6.189000000000004
1001,"2009-07-31",5.875999999999999
1001,"2009-08-01",6.167000000000002
1001,"2009-08-02",5.916999999999999
1001,"2009-08-03",6.333
1001,"2009-08-04",5.856000000000001
1001,"2009-08-05",5.869
1001,"2009-08-06",5.550999999999999
1001,"2009-08-07",5.5280000000000005
1001,"2009-08-08",6.254999999999999
1001,"2009-08-09",5.787
1001,"2009-08-10",6.017
1001,"2009-08-11",5.774
1001,"2009-08-12",5.643000000000001
1001,"2009-08-13",5.416999999999998
1001,"2009-08-14",5.8260000000000005
1001,"2009-08-15",6.3980000000000015
1001,"2009-08-16",5.626000000000001
1001,"2009-08-17",6.050000000000002
1001,"2009-08-18",5.574
1001,"2009-08-19",5.444999999999999
1001,"2009-08-20",5.919000000000001
1001,"2009-08-21",6.096000000000001
1001,"2009-08-22",5.653999999999997
1001,"2009-08-23",6.012999999999999
1001,"2009-08-24",5.274000000000001
1001,"2009-08-25",6.511000000000002
1001,"2009-08-26",5.9910000000000005
1001,"2009-08-27",5.528000000000001
1001,"2009-08-28",6.2620000000000005
1001,"2009-08-29",5.982000000000002
1001,"2009-08-30",6.163000000000001
1001,"2009-08-31",5.811
1001,"2009-09-01",6.043999999999998
1001,"2009-09-02",6.02
1001,"2009-09-03",6.335000000000002
1001,"2009-09-04",5.927
1001,"2009-09-05",6.399999999999999
1001,"2009-09-06",5.681
1001,"2009-09-07",6.015999999999997
1001,"2009-09-08",5.9300000000000015
1001,"2009-09-09",5.989
1001,"2009-09-10",5.837999999999998
1001,"2009-09-11",6.129
1001,"2009-09-12",6.118
1001,"2009-09-13",6.18
1001,"2009-09-14",5.986999999999999
1001,"2009-09-15",6.483999999999998
1001,"2009-09-16",5.839000000000001
1001,"2009-09-17",6.1480000000000015
1001,"2009-09-18",6.253000000000002
1001,"2009-09-19",6.031000000000002
1001,"2009-09-20",5.98
1001,"2009-09-21",6.459000000000001
1001,"2009-09-22",6.323999999999997
1001,"2009-09-23",7.218
1001,"2009-09-24",5.946999999999998
1001,"2009-09-25",6.343000000000002
1001,"2009-09-26",6.361000000000001
1001,"2009-09-27",5.7330000000000005
1001,"2009-09-28",6.285000000000002
1001,"2009-09-29",6.374
1001,"2009-09-30",5.582000000000001
1001,"2009-10-01",6.592999999999998
1001,"2009-10-02",6.496000000000002
1001,"2009-10-03",6.175000000000001
1001,"2009-10-04",6.007999999999999
1001,"2009-10-05",6.037999999999999
1001,"2009-10-06",6.170000000000003
1001,"2009-10-07",6.456999999999999
1001,"2009-10-08",6.357999999999999
1001,"2009-10-09",6.429
1001,"2009-10-10",6.404000000000001
1001,"2009-10-11",6.32
1001,"2009-10-12",6.373
1001,"2009-10-13",5.779999999999999
1001,"2009-10-14",6.975
1001,"2009-10-15",6.153
1001,"2009-10-16",6.192000000000002
1001,"2009-10-17",6.327999999999999
1001,"2009-10-18",6.350999999999999
1001,"2009-10-19",6.266999999999999
1001,"2009-10-20",6.195000000000002
1001,"2009-10-21",6.5310000000000015
1001,"2009-10-22",6.561000000000003
1001,"2009-10-23",6.241999999999999
1001,"2009-10-24",6.426999999999999
1001,"2009-10-25",6.538000000000001
1001,"2009-10-26",6.071
1001,"2009-10-27",6.453999999999999
1001,"2009-10-28",6.124999999999998
1001,"2009-10-29",6.363
1001,"2009-10-30",6.184999999999999
1001,"2009-10-31",6.0249999999999995
1001,"2009-11-01",6.942000000000003
1001,"2009-11-02",6.014999999999999
1001,"2009-11-03",6.277
1001,"2009-11-04",6.915
1001,"2009-11-05",6.819999999999996
1001,"2009-11-06",6.594999999999998
1001,"2009-11-07",7.002999999999998
1001,"2009-11-08",6.886999999999999
1001,"2009-11-09",6.656999999999999
1001,"2009-11-10",6.537999999999999
1001,"2009-11-11",6.612999999999999
1001,"2009-11-12",7.018000000000002
1001,"2009-11-13",6.726
1001,"2009-11-14",6.856000000000001
1001,"2009-11-15",6.8679999999999986
1001,"2009-11-16",6.764999999999999
1001,"2009-11-17",6.343000000000001
1001,"2009-11-18",6.857
1001,"2009-11-19",21.743999999999996
1001,"2009-11-20",33.1
1001,"2009-11-21",32.339000000000006
1001,"2009-11-22",33.226000000000006
1001,"2009-11-23",32.54500000000001
1001,"2009-11-24",32.48199999999999
1001,"2009-11-25",32.828
1001,"2009-11-26",33.11699999999999
1001,"2009-11-27",32.749
1001,"2009-11-28",33.266999999999996
1001,"2009-11-29",32.883
1001,"2009-11-30",32.70900000000001
1001,"2009-12-01",32.716
1001,"2009-12-02",33.252
1001,"2009-12-03",32.83399999999999
1001,"2009-12-04",33.135
1001,"2009-12-05",32.696999999999996
1001,"2009-12-06",33.215999999999994
1001,"2009-12-07",32.35
1001,"2009-12-08",32.85
1001,"2009-12-09",32.73699999999999
1001,"2009-12-10",32.794999999999995
1001,"2009-12-11",33.120999999999995
1001,"2009-12-12",32.53800000000001
1001,"2009-12-13",32.367
1001,"2009-12-14",20.61799999999999
1001,"2009-12-15",6.975
1001,"2009-12-16",7.146999999999999
1001,"2009-12-17",6.9970000000000026
1001,"2009-12-18",7.019000000000002
1001,"2009-12-19",7.435999999999999
1001,"2009-12-20",7.635999999999999
1001,"2009-12-21",7.674000000000001
1001,"2009-12-22",7.861999999999997
1001,"2009-12-23",7.659
1001,"2009-12-24",7.8329999999999975
1001,"2009-12-25",8.344
1001,"2009-12-26",6.9639999999999995
1001,"2009-12-27",7.733
1001,"2009-12-28",7.453
1001,"2009-12-29",7.492999999999998
1001,"2009-12-30",7.779000000000001
1001,"2009-12-31",7.867
1001,"2010-01-01",7.377999999999999
1001,"2010-01-02",7.711000000000003
1001,"2010-01-03",8.125
1001,"2010-01-04",7.358
1001,"2010-01-05",7.5840000000000005
1001,"2010-01-06",7.197
1001,"2010-01-07",7.145
1001,"2010-01-08",7.88
1001,"2010-01-09",7.493
1001,"2010-01-10",7.5280000000000005
1001,"2010-01-11",7.347999999999996
1001,"2010-01-12",7.466999999999999
1001,"2010-01-13",7.513
1001,"2010-01-14",7.226999999999999
1001,"2010-01-15",6.713999999999998
1001,"2010-01-16",7.1320000000000014
1001,"2010-01-17",7.044
1001,"2010-01-18",7.322999999999998
1001,"2010-01-19",7.316
1001,"2010-01-20",6.488000000000001
1001,"2010-01-21",7.102999999999998
1001,"2010-01-22",6.6450000000000005
1001,"2010-01-23",7.729
1001,"2010-01-24",7.313000000000001
1001,"2010-01-25",6.974000000000001
1001,"2010-01-26",6.816
1001,"2010-01-27",6.9590000000000005
1001,"2010-01-28",7.262999999999998
1001,"2010-01-29",6.977999999999999
1001,"2010-01-30",7.608000000000001
1001,"2010-01-31",7.361
1001,"2010-02-01",7.431999999999999
1001,"2010-02-02",6.625
1001,"2010-02-03",7.113999999999999
1001,"2010-02-04",7.413000000000001
1001,"2010-02-05",6.973999999999998
1001,"2010-02-06",7.041999999999999
1001,"2010-02-07",7.031999999999997
1001,"2010-02-08",7.1
1001,"2010-02-09",5.877000000000001
1001,"2010-02-10",4.001000000000001
1001,"2010-02-11",4.002000000000001
1001,"2010-02-12",4.037
1001,"2010-02-13",4.035000000000001
1001,"2010-02-14",4.044000000000001
1001,"2010-02-15",3.9970000000000008
1001,"2010-02-16",4.0040000000000004
1001,"2010-02-17",3.9990000000000006
1001,"2010-02-18",4.024000000000001
1001,"2010-02-19",4.231
1001,"2010-02-20",4.036999999999999
1001,"2010-02-21",4.060000000000001
1001,"2010-02-22",4.005000000000001
1001,"2010-02-23",3.9770000000000008
1001,"2010-02-24",3.9880000000000013
1001,"2010-02-25",3.988000000000001
1001,"2010-02-26",4.025000000000001
1001,"2010-02-27",4.026000000000002
1001,"2010-02-28",4.053
1001,"2010-03-01",4.029999999999999
1001,"2010-03-02",4.039999999999999
1001,"2010-03-03",3.9950000000000006
1001,"2010-03-04",4.058
1001,"2010-03-05",4.031
1001,"2010-03-06",4.064
1001,"2010-03-07",4.053000000000002
1001,"2010-03-08",4.034000000000001
1001,"2010-03-09",7.011
1001,"2010-03-10",9.248999999999999
1001,"2010-03-11",9.202
1001,"2010-03-12",9.216000000000003
1001,"2010-03-13",9.285
1001,"2010-03-14",9.261000000000001
1001,"2010-03-15",9.175000000000006
1001,"2010-03-16",9.223999999999998
1001,"2010-03-17",9.213999999999997
1001,"2010-03-18",9.231000000000002
1001,"2010-03-19",9.207
1001,"2010-03-20",9.245000000000001
1001,"2010-03-21",9.253
1001,"2010-03-22",9.196000000000003
1001,"2010-03-23",9.173000000000005
1001,"2010-03-24",9.202
1001,"2010-03-25",9.207000000000004
1001,"2010-03-26",9.238000000000003
1001,"2010-03-27",9.235000000000001
1001,"2010-03-28",8.892000000000001
1001,"2010-03-29",9.183000000000003
1001,"2010-03-30",9.193000000000001
1001,"2010-03-31",9.2
1001,"2010-04-01",9.165999999999999
1001,"2010-04-02",9.196000000000002
1001,"2010-04-03",9.210000000000004
1001,"2010-04-04",9.279
1001,"2010-04-05",9.286
1001,"2010-04-06",7.666000000000001
1001,"2010-04-07",4.042000000000002
1001,"2010-04-08",4.041
1001,"2010-04-09",4.057
1001,"2010-04-10",4.066999999999999
1001,"2010-04-11",4.047
1001,"2010-04-12",4.026
1001,"2010-04-13",4.008
1001,"2010-04-14",4.037000000000002
1001,"2010-04-15",4.030000000000001
1001,"2010-04-16",4.054
1001,"2010-04-17",4.0649999999999995
1001,"2010-04-18",4.055999999999999
1001,"2010-04-19",4.0040000000000004
1001,"2010-04-20",4.0329999999999995
1001,"2010-04-21",4.041
1001,"2010-04-22",4.005000000000001
1001,"2010-04-23",4.0760000000000005
1001,"2010-04-24",4.016000000000002
1001,"2010-04-25",4.068999999999999
1001,"2010-04-26",4.047
1001,"2010-04-27",4.021000000000001
1001,"2010-04-28",4.023
1001,"2010-04-29",4.02
1001,"2010-04-30",4.238000000000001
1001,"2010-05-01",4.458000000000002
1001,"2010-05-02",4.476
1001,"2010-05-03",4.424000000000002
1001,"2010-05-04",4.317000000000001
1001,"2010-05-05",4.054
1001,"2010-05-06",4.023000000000001
1001,"2010-05-07",4.054
1001,"2010-05-08",4.046
1001,"2010-05-09",4.06
1001,"2010-05-10",4.013000000000002
1001,"2010-05-11",4.041000000000001
1001,"2010-05-12",4.028
1001,"2010-05-13",4.032000000000001
1001,"2010-05-14",4.048
1001,"2010-05-15",4.059000000000002
1001,"2010-05-16",4.028000000000001
1001,"2010-05-17",4.022
1001,"2010-05-18",4.045000000000001
1001,"2010-05-19",4.047000000000001
1001,"2010-05-20",4.0329999999999995
1001,"2010-05-21",4.080000000000001
1001,"2010-05-22",4.061000000000001
1001,"2010-05-23",4.056000000000002
1001,"2010-05-24",4.041
1001,"2010-05-25",4.051
1001,"2010-05-26",4.029000000000001
1001,"2010-05-27",4.029000000000001
1001,"2010-05-28",4.032
1001,"2010-05-29",4.065
1001,"2010-05-30",4.062
1001,"2010-05-31",4.018000000000001
1001,"2010-06-01",4.021000000000001
1001,"2010-06-02",4.0150000000000015
1001,"2010-06-03",4.031000000000001
1001,"2010-06-04",4.055
1001,"2010-06-05",4.022000000000001
1001,"2010-06-06",4.006000000000002
1001,"2010-06-07",4.066999999999998
1001,"2010-06-08",4.043
1001,"2010-06-09",4.021000000000001
1001,"2010-06-10",4.029000000000003
1001,"2010-06-11",4.064
1001,"2010-06-12",4.048000000000002
1001,"2010-06-13",4.386000000000002
1001,"2010-06-14",4.045000000000001
1001,"2010-06-15",4.2860000000000005
1001,"2010-06-16",4.214000000000001
1001,"2010-06-17",4.064
1001,"2010-06-18",4.068
1001,"2010-06-19",4.050000000000001
1001,"2010-06-20",4.043000000000002
1001,"2010-06-21",4.063000000000001
1001,"2010-06-22",4.045
1001,"2010-06-23",4.035000000000002
1001,"2010-06-24",4.01
1001,"2010-06-25",4.045000000000001
1001,"2010-06-26",4.0680000000000005
1001,"2010-06-27",4.081999999999998
1001,"2010-06-28",4.051000000000002
1001,"2010-06-29",4.047000000000001
1001,"2010-06-30",4.043000000000001
1001,"2010-07-01",4.038
1001,"2010-07-02",4.061999999999999
1001,"2010-07-03",4.067
1001,"2010-07-04",4.031000000000001
1001,"2010-07-05",4.0280000000000005
1001,"2010-07-06",4.032000000000001
1001,"2010-07-07",4.048
1001,"2010-07-08",4.0120000000000005
1001,"2010-07-09",4.0360000000000005
1001,"2010-07-10",4.072
1001,"2010-07-11",4.051
1001,"2010-07-12",4.021000000000002
1001,"2010-07-13",4.026000000000001
1001,"2010-07-14",4.0440000000000005
1001,"2010-07-15",4.045000000000001
1001,"2010-07-16",4.025000000000001
1001,"2010-07-17",4.0600000000000005
1001,"2010-07-18",4.078
1001,"2010-07-19",4.024000000000001
1001,"2010-07-20",4.062000000000001
1001,"2010-07-21",4.036000000000001
1001,"2010-07-22",4.037
1001,"2010-07-23",4.037000000000002
1001,"2010-07-24",4.078000000000001
1001,"2010-07-25",4.030000000000002
1001,"2010-07-26",4.025999999999999
1001,"2010-07-27",4.049
1001,"2010-07-28",4.053
1001,"2010-07-29",4.035000000000001
1001,"2010-07-30",4.027000000000001
1001,"2010-07-31",4.055
1001,"2010-08-01",4.061
1001,"2010-08-02",4.0420000000000025
1001,"2010-08-03",4.042
1001,"2010-08-04",4.039
1001,"2010-08-05",4.07
1001,"2010-08-06",4.029
1001,"2010-08-07",4.053999999999999
1001,"2010-08-08",4.005000000000003
1001,"2010-08-09",4.022
1001,"2010-08-10",4.011
1001,"2010-08-11",4.029999999999999
1001,"2010-08-12",4.054
1001,"2010-08-13",4.046000000000001
1001,"2010-08-14",4.052
1001,"2010-08-15",4.068999999999998
1001,"2010-08-16",4.031
1001,"2010-08-17",4.017
1001,"2010-08-18",4.025000000000001
1001,"2010-08-19",4.031000000000001
1001,"2010-08-20",4.0600000000000005
1001,"2010-08-21",4.048
1001,"2010-08-22",4.063
1001,"2010-08-23",4.048
1001,"2010-08-24",4.012000000000001
1001,"2010-08-25",4.048000000000001
1001,"2010-08-26",4.049
1001,"2010-08-27",4.019
1001,"2010-08-28",4.048
1001,"2010-08-29",4.0420000000000025
1001,"2010-08-30",4.045
1001,"2010-08-31",4.031
1001,"2010-09-01",4.0440000000000005
1001,"2010-09-02",4.019000000000001
1001,"2010-09-03",4.031000000000001
1001,"2010-09-04",4.058000000000001
1001,"2010-09-05",4.052000000000001
1001,"2010-09-06",4.058999999999999
1001,"2010-09-07",4.056
1001,"2010-09-08",4.048
1001,"2010-09-09",4.047
1001,"2010-09-10",4.037000000000001
1001,"2010-09-11",4.0859999999999985
1001,"2010-09-12",4.062000000000001
1001,"2010-09-13",4.005000000000002
1001,"2010-09-14",4.0280000000000005
1001,"2010-09-15",4.028
1001,"2010-09-16",4.052000000000001
1001,"2010-09-17",4.034000000000001
1001,"2010-09-18",4.081
1001,"2010-09-19",4.053000000000001
1001,"2010-09-20",4.029000000000002
1001,"2010-09-21",4.050000000000001
1001,"2010-09-22",4.048000000000001
1001,"2010-09-23",4.054
1001,"2010-09-24",4.041
1001,"2010-09-25",4.063
1001,"2010-09-26",4.035000000000002
1001,"2010-09-27",4.041
1001,"2010-09-28",4.0520000000000005
1001,"2010-09-29",4.0520000000000005
1001,"2010-09-30",4.046
1001,"2010-10-01",4.053
1001,"2010-10-02",4.0440000000000005
1001,"2010-10-03",4.063
1001,"2010-10-04",4.036000000000001
1001,"2010-10-05",4.038
1001,"2010-10-06",4.041
1001,"2010-10-07",4.049
1001,"2010-10-08",4.0329999999999995
1001,"2010-10-09",4.0600000000000005
1001,"2010-10-10",4.060999999999999
1001,"2010-10-11",4.0200000000000005
1001,"2010-10-12",4.042000000000001
1001,"2010-10-13",4.058000000000001
1001,"2010-10-14",4.030000000000002
1001,"2010-10-15",4.031000000000001
1001,"2010-10-16",4.037000000000001
1001,"2010-10-17",4.059999999999999
1001,"2010-10-18",4.043
1001,"2010-10-19",4.041
1001,"2010-10-20",4.066999999999999
